{"resourceType":"ConceptMap","id":"message-adt-00-to-bundle","text":{"status":"extensions","div":"<div xmlns=\"http://www.w3.org/1999/xhtml\"><h2>MessageADT_00toBundle (http://example.org/fhir/ig/ssmix2.fhir.mappings/ConceptMap/message-adt-00-to-bundle)</h2><p>Mapping from ADT-00 to <a href=\"http://hl7.org/fhir/R4/bundle.html\">Bundle</a></p><p>ACTIVE (not intended for production usage). Published on 2022-02-01 by swgssmix. </p><div><p>この ConceptMap には ADT-00 患者基本情報 から Message Bundle への変換を定義する。</p>\n</div><br/><p><b>Group 1</b>Mapping from <code>ADT-00</code> to <a href=\"http://hl7.org/fhir/R4/bundle.html\">Bundle</a></p><table class=\"grid\"><tr><td><b>Source Code</b></td><td><b>Relationship</b></td><td><b>Target Code</b></td><td><b>Comment</b></td></tr><tr><td>ADT_A08.MSH (メッセージヘッダ)</td><td><a href=\"http://hl7.org/fhir/R4/codesystem-concept-map-equivalence.html#equivalent\" title=\"equivalent\">is equivalent to</a></td><td>MessageHeader (メッセージヘッダ)</td><td/></tr><tr><td>ADT_A08.PID (患者識別)</td><td><a href=\"http://hl7.org/fhir/R4/codesystem-concept-map-equivalence.html#equivalent\" title=\"equivalent\">is equivalent to</a></td><td>JP_Patient (患者)</td><td/></tr><tr><td>ADT_A08.PV1 (来院情報)</td><td><a href=\"http://hl7.org/fhir/R4/codesystem-concept-map-equivalence.html#equivalent\" title=\"equivalent\">is equivalent to</a></td><td>Encounter (来院情報)</td><td/></tr><tr><td>ADT_A08.DB1 (身体障害)</td><td><a href=\"http://hl7.org/fhir/R4/codesystem-concept-map-equivalence.html#equivalent\" title=\"equivalent\">is equivalent to</a></td><td>JP_Patient (患者)</td><td>http://hl7.org/fhir/R4/extension-patient-disability.html</td></tr><tr><td>ADT_A08.OBSERVATION.OBX (検査結果)</td><td><a href=\"http://hl7.org/fhir/R4/codesystem-concept-map-equivalence.html#equivalent\" title=\"equivalent\">is equivalent to</a></td><td>JP_Observation_Common (検査（共通）)</td><td/></tr><tr><td>ADT_A08.AL1 (アレルギー情報)</td><td><a href=\"http://hl7.org/fhir/R4/codesystem-concept-map-equivalence.html#equivalent\" title=\"equivalent\">is equivalent to</a></td><td>JP_AllergyIntolerance (アレルギー・不耐症)</td><td/></tr><tr><td>ADT_A08.INSURANCE.IN1 (保険)</td><td><a href=\"http://hl7.org/fhir/R4/codesystem-concept-map-equivalence.html#equivalent\" title=\"equivalent\">is equivalent to</a></td><td>JP_Coverage (保険・公費)</td><td/></tr><tr><td>ADT_A08.NK1 (近親者情報)</td><td><a href=\"http://hl7.org/fhir/R4/codesystem-concept-map-equivalence.html#relatedto\" title=\"relatedto\">is related to</a></td><td>JP_Patient (患者)</td><td>Patient.contact にマッピングする。詳細は[Segment PID to Patient](ConceptMap-segment-pid-to-patient.html)を参照のこと。</td></tr></table></div>"},"extension":[{"extension":[{"url":"type","valueCode":"derived-from"}],"url":"Bundle"},{"url":"label","valueString":"Message ADT_00 to Bundle.fsh"}],"url":"http://example.org/fhir/ig/ssmix2.fhir.mappings/ConceptMap/message-adt-00-to-bundle","version":"0.1.0","name":"MessageADT_00toBundle","status":"active","experimental":true,"date":"2022-02-01","publisher":"swgssmix","description":"この ConceptMap には ADT-00 患者基本情報 から Message Bundle への変換を定義する。","sourceUri":"ADT-00","targetUri":"Bundle","group":[{"source":"ADT-00","target":"Bundle","element":[{"code":"ADT_A08.MSH","display":"メッセージヘッダ","target":[{"code":"MessageHeader","display":"メッセージヘッダ","equivalence":"equivalent"}]},{"code":"ADT_A08.PID","display":"患者識別","target":[{"code":"JP_Patient","display":"患者","equivalence":"equivalent"}]},{"code":"ADT_A08.PV1","display":"来院情報","target":[{"code":"Encounter","display":"来院情報","equivalence":"equivalent"}]},{"code":"ADT_A08.DB1","display":"身体障害","target":[{"code":"JP_Patient","display":"患者","equivalence":"equivalent","comment":"http://hl7.org/fhir/R4/extension-patient-disability.html"}]},{"code":"ADT_A08.OBSERVATION.OBX","display":"検査結果","target":[{"code":"JP_Observation_Common","display":"検査（共通）","equivalence":"equivalent"}]},{"code":"ADT_A08.AL1","display":"アレルギー情報","target":[{"code":"JP_AllergyIntolerance","display":"アレルギー・不耐症","equivalence":"equivalent"}]},{"code":"ADT_A08.INSURANCE.IN1","display":"保険","target":[{"code":"JP_Coverage","display":"保険・公費","equivalence":"equivalent"}]},{"code":"ADT_A08.NK1","display":"近親者情報","target":[{"code":"JP_Patient","display":"患者","equivalence":"relatedto","comment":"Patient.contact にマッピングする。詳細は[Segment PID to Patient](ConceptMap-segment-pid-to-patient.html)を参照のこと。"}]}]}]}