{"resourceType":"ConceptMap","id":"table-v2-0128-to-reactioneventseverity","text":{"status":"extensions","div":"<div xmlns=\"http://www.w3.org/1999/xhtml\"><h2>Tablev2-0128toReactionEventSeverity (http://example.org/fhir/ig/ssmix2.fhir.mappings/ConceptMap/table-v2-0128-to-reactioneventseverity)</h2><p>Mapping from <a href=\"http://terminology.hl7.org/4.0.0/CodeSystem-v2-0128.html\">http://terminology.hl7.org/CodeSystem/v2-0128</a> to <a href=\"http://hl7.org/fhir/R4/codesystem-reaction-event-severity.html\">http://hl7.org/fhir/reaction-event-severity</a></p><p>ACTIVE (not intended for production usage). Published on 2022-02-01 by swgssmix. </p><br/><p><b>Group 1</b>Mapping from <a href=\"http://terminology.hl7.org/4.0.0/CodeSystem-v2-0128.html\">allergySeverity</a> to <a href=\"http://hl7.org/fhir/R4/codesystem-reaction-event-severity.html\">AllergyIntoleranceSeverity</a></p><table class=\"grid\"><tr><td><b>Source Code</b></td><td><b>Relationship</b></td><td><b>Target Code</b></td></tr><tr><td>MI (軽度)</td><td><a href=\"http://hl7.org/fhir/R4/codesystem-concept-map-equivalence.html#equivalent\" title=\"equivalent\">is equivalent to</a></td><td>mild</td></tr><tr><td>MO (中等度)</td><td><a href=\"http://hl7.org/fhir/R4/codesystem-concept-map-equivalence.html#equivalent\" title=\"equivalent\">is equivalent to</a></td><td>moderate</td></tr><tr><td>SV (重度)</td><td><a href=\"http://hl7.org/fhir/R4/codesystem-concept-map-equivalence.html#equivalent\" title=\"equivalent\">is equivalent to</a></td><td>severe</td></tr></table></div>"},"extension":[{"extension":[{"url":"type","valueCode":"derived-from"}],"url":"ReactionEventSeverity"},{"url":"label","valueString":"Table v2-0128 to ReactionEventSeverity.fsh"}],"url":"http://example.org/fhir/ig/ssmix2.fhir.mappings/ConceptMap/table-v2-0128-to-reactioneventseverity","version":"0.1.0","name":"Tablev2-0128toReactionEventSeverity","status":"active","experimental":true,"date":"2022-02-01","publisher":"swgssmix","sourceUri":"http://terminology.hl7.org/CodeSystem/v2-0128","targetUri":"http://hl7.org/fhir/reaction-event-severity","group":[{"source":"http://terminology.hl7.org/CodeSystem/v2-0128","target":"http://hl7.org/fhir/reaction-event-severity","element":[{"code":"MI","display":"軽度","target":[{"code":"mild","display":"Mild","equivalence":"equivalent"}]},{"code":"MO","display":"中等度","target":[{"code":"moderate","display":"Moderate","equivalence":"equivalent"}]},{"code":"SV","display":"重度","target":[{"code":"severe","display":"Severe","equivalence":"equivalent"}]}]}]}